TransactionID,Date,Amount,Merchant,Category,Label
1,2023-05-22 15:13:13,314.26,Target,Clothing,Legitimate
2,2023-10-23 20:19:28,415.71,Target,Clothing,Legitimate
3,2023-10-17 17:23:06,118.25,Amazon,Clothing,Legitimate
4,2023-11-10 17:14:55,503.56,Amazon,Books,Legitimate
5,2023-05-05 10:07:17,647.77,Target,Electronics,Legitimate
6,2023-10-04 01:22:52,35.07,Target,Clothing,Legitimate
7,2023-07-21 22:51:34,616.81,Walmart,Clothing,Legitimate
8,2023-02-26 08:34:08,530.92,Target,Groceries,Legitimate
9,2023-09-18 03:40:53,523.23,BestBuy,Electronics,Legitimate
10,2023-07-16 19:41:43,291.22,BestBuy,Groceries,Legitimate
11,2023-08-09 03:56:33,421.03,BestBuy,Books,Legitimate
12,2023-04-19 01:11:47,939.87,Target,Books,Legitimate
13,2023-03-07 21:57:59,258.11,BestBuy,Electronics,Legitimate
14,2023-04-12 19:45:19,324.81,BestBuy,Books,Legitimate
15,2023-06-11 23:49:43,403.15,Walmart,Books,Legitimate
16,2023-07-21 17:51:56,615.57,BestBuy,Electronics,Legitimate
17,2023-03-07 10:47:28,710.14,BestBuy,Groceries,Legitimate
18,2023-06-14 08:37:50,198.78,Walmart,Groceries,Legitimate
19,2023-01-22 12:07:25,571.61,BestBuy,Clothing,Legitimate
20,2023-02-22 22:41:24,345.07,Walmart,Clothing,Legitimate
21,2023-07-23 10:12:34,794.33,BestBuy,Electronics,Legitimate
22,2023-02-11 01:05:08,294.97,Target,Books,Legitimate
23,2023-01-05 12:34:32,767.89,BestBuy,Groceries,Legitimate
24,2023-06-13 14:26:59,843.46,Target,Clothing,Legitimate
25,2023-08-20 19:51:36,332.33,BestBuy,Groceries,Legitimate
26,2023-05-06 23:24:18,405.41,BestBuy,Groceries,Legitimate
27,2023-09-11 21:06:45,658.81,Target,Clothing,Legitimate
28,2023-12-08 18:43:49,645.29,Walmart,Electronics,Legitimate
29,2023-07-10 10:23:18,861.92,Target,Groceries,Legitimate
30,2023-03-03 00:17:08,450.23,Target,Electronics,Legitimate
31,2023-04-14 02:23:02,206.79,Walmart,Groceries,Legitimate
32,2023-02-26 21:39:28,376.41,Walmart,Books,Legitimate
33,2023-09-30 22:37:04,559.66,Walmart,Clothing,Legitimate
34,2023-04-11 18:37:09,785.05,Amazon,Clothing,Legitimate
35,2023-09-23 13:58:54,151.62,Amazon,Groceries,Legitimate
36,2023-12-19 15:56:22,586.58,BestBuy,Groceries,Legitimate
37,2023-11-26 11:15:01,804.16,Target,Groceries,Legitimate
38,2023-01-09 01:54:32,876.68,Target,Books,Legitimate
39,2023-01-25 19:20:54,776.21,BestBuy,Clothing,Legitimate
40,2023-10-07 09:04:28,693.6,Amazon,Groceries,Legitimate
41,2023-05-09 09:34:34,160.72,Amazon,Books,Legitimate
42,2023-08-10 01:37:44,762.69,Target,Electronics,Legitimate
43,2023-02-19 23:56:01,472.31,Walmart,Books,Legitimate
44,2023-08-19 21:48:58,781.45,Amazon,Groceries,Legitimate
45,2023-06-27 03:47:26,593.77,Amazon,Electronics,Legitimate
46,2023-08-04 14:30:42,520.35,Amazon,Groceries,Fraudulent
47,2023-10-13 08:03:54,444.99,Walmart,Books,Legitimate
48,2023-11-14 01:39:57,502.09,Amazon,Electronics,Legitimate
49,2023-10-12 13:10:30,366.31,Target,Electronics,Legitimate
50,2023-05-27 10:18:20,836.91,Amazon,Clothing,Legitimate
51,2023-10-06 22:25:40,457.35,Walmart,Electronics,Legitimate
52,2023-05-12 22:40:39,501.42,BestBuy,Books,Legitimate
53,2023-10-28 22:13:21,940.74,BestBuy,Books,Legitimate
54,2023-02-26 21:18:23,31.83,Walmart,Books,Legitimate
55,2023-06-27 17:05:39,324.74,BestBuy,Electronics,Legitimate
56,2023-11-23 03:21:07,288.02,BestBuy,Groceries,Legitimate
57,2023-08-02 15:15:19,713.87,Amazon,Clothing,Legitimate
58,2023-08-14 14:19:15,421.14,Amazon,Groceries,Legitimate
59,2023-03-05 00:47:36,325.04,Walmart,Books,Legitimate
60,2023-02-01 18:11:40,486.98,Target,Electronics,Legitimate
61,2023-08-09 18:37:24,462.56,Amazon,Books,Legitimate
62,2023-03-26 12:22:06,380.24,Amazon,Electronics,Legitimate
63,2023-04-17 20:17:20,627.47,BestBuy,Electronics,Legitimate
64,2023-10-31 07:25:22,409.01,Walmart,Books,Legitimate
65,2023-05-17 00:27:32,741.57,Amazon,Groceries,Legitimate
66,2023-01-19 03:21:27,366.2,Target,Electronics,Legitimate
67,2023-02-07 01:32:58,227.1,Walmart,Books,Legitimate
68,2023-02-23 00:53:29,444.71,Target,Groceries,Legitimate
69,2023-06-20 22:34:33,519.31,Target,Books,Legitimate
70,2023-04-05 20:05:36,432.48,Amazon,Books,Legitimate
71,2023-06-07 02:29:32,34.05,BestBuy,Books,Fraudulent
72,2023-05-09 04:43:47,43.66,Walmart,Electronics,Legitimate
73,2023-12-06 15:35:05,771.43,BestBuy,Electronics,Legitimate
74,2023-03-16 07:06:07,35.65,Target,Books,Legitimate
75,2023-04-09 23:36:49,616.97,Walmart,Electronics,Legitimate
76,2023-01-15 01:40:22,225.94,BestBuy,Groceries,Fraudulent
77,2023-07-02 02:21:14,841.77,Target,Books,Legitimate
78,2023-05-09 22:32:13,342.52,BestBuy,Electronics,Legitimate
79,2023-09-22 12:00:05,92.45,Amazon,Groceries,Legitimate
80,2023-07-11 23:40:49,841.63,Amazon,Clothing,Legitimate
81,2023-01-08 10:58:39,254.29,BestBuy,Clothing,Legitimate
82,2023-05-03 12:11:10,780.68,Amazon,Clothing,Legitimate
83,2023-06-02 12:32:27,931.94,Target,Books,Legitimate
84,2023-03-20 23:32:06,868.22,BestBuy,Clothing,Legitimate
85,2023-11-13 04:02:11,823.84,Amazon,Clothing,Legitimate
86,2023-09-22 17:01:03,835.63,Amazon,Clothing,Legitimate
87,2023-11-04 17:21:34,492.15,BestBuy,Books,Legitimate
88,2023-09-05 10:29:28,73.22,Amazon,Clothing,Legitimate
89,2023-11-03 07:04:56,985.7,Target,Books,Legitimate
90,2023-08-04 05:05:51,340.29,Amazon,Books,Legitimate
91,2023-10-14 07:54:18,900.23,Target,Clothing,Legitimate
92,2023-01-05 11:31:43,538.25,Walmart,Electronics,Legitimate
93,2023-05-15 02:44:21,976.85,Walmart,Groceries,Legitimate
94,2023-03-01 19:16:26,412.48,Walmart,Clothing,Legitimate
95,2023-11-17 10:12:20,537.54,BestBuy,Electronics,Legitimate
96,2023-10-30 01:20:45,411.56,BestBuy,Books,Legitimate
97,2023-02-07 09:04:13,859.66,Amazon,Clothing,Legitimate
98,2023-02-23 22:28:52,768.01,BestBuy,Books,Legitimate
99,2023-10-31 18:00:49,833.04,Amazon,Books,Legitimate
100,2023-03-14 23:37:54,121.27,BestBuy,Books,Legitimate
101,2023-12-07 16:31:10,353.95,Amazon,Groceries,Legitimate
102,2023-02-02 09:24:25,812.31,Target,Electronics,Legitimate
103,2023-07-25 09:15:21,253.64,Walmart,Groceries,Legitimate
104,2023-09-27 01:14:32,313.23,Walmart,Electronics,Legitimate
105,2023-10-19 08:30:50,168.42,Amazon,Groceries,Fraudulent
106,2023-07-19 21:01:04,264.88,Target,Books,Fraudulent
107,2023-03-28 11:19:12,329.98,Walmart,Groceries,Legitimate
108,2023-06-13 16:37:50,389.25,Amazon,Clothing,Legitimate
109,2023-12-24 22:54:17,517.33,Walmart,Clothing,Legitimate
110,2023-04-30 20:37:35,698.37,Amazon,Electronics,Legitimate
111,2023-06-12 06:56:21,552.67,Amazon,Clothing,Fraudulent
112,2023-04-03 09:11:56,302.41,Amazon,Clothing,Fraudulent
113,2023-03-28 06:06:58,787.73,Walmart,Electronics,Legitimate
114,2023-11-09 16:41:24,112.72,Walmart,Books,Legitimate
115,2023-08-04 16:26:19,66.54,Walmart,Books,Legitimate
116,2023-08-07 04:02:48,867.06,Target,Electronics,Legitimate
117,2023-05-27 22:57:28,618.33,Target,Books,Legitimate
118,2023-07-02 09:59:26,554.61,BestBuy,Clothing,Legitimate
119,2023-05-25 19:03:28,217.27,Target,Clothing,Legitimate
120,2023-03-08 07:39:04,981.39,Walmart,Clothing,Legitimate
121,2023-06-01 21:09:39,422.63,BestBuy,Books,Legitimate
122,2023-07-19 05:46:40,145.47,BestBuy,Books,Legitimate
123,2023-09-20 00:33:04,948.51,BestBuy,Books,Legitimate
124,2023-03-06 17:29:18,440.38,Walmart,Books,Legitimate
125,2023-11-14 19:24:59,672.44,Amazon,Electronics,Legitimate
126,2023-06-21 21:14:50,136.17,Target,Electronics,Legitimate
127,2023-06-30 15:55:01,788.93,Walmart,Clothing,Legitimate
128,2023-05-28 19:18:33,772.89,BestBuy,Clothing,Legitimate
129,2023-06-02 03:27:52,11.89,BestBuy,Electronics,Legitimate
130,2023-06-03 00:05:00,290.69,Amazon,Groceries,Legitimate
131,2023-06-03 21:16:28,545.86,Walmart,Clothing,Legitimate
132,2023-10-04 21:45:11,466.83,BestBuy,Electronics,Legitimate
133,2023-11-22 14:57:20,516.02,Walmart,Clothing,Legitimate
134,2023-03-26 08:13:52,342.63,Target,Books,Legitimate
135,2023-11-11 03:18:53,640.09,Target,Clothing,Legitimate
136,2023-02-14 08:21:23,887.15,BestBuy,Books,Legitimate
137,2023-03-31 10:31:10,263.07,BestBuy,Electronics,Legitimate
138,2023-09-23 22:52:06,917.42,Amazon,Clothing,Legitimate
139,2023-02-05 08:27:27,664.88,BestBuy,Electronics,Legitimate
140,2023-06-13 21:20:43,848.04,Walmart,Electronics,Fraudulent
141,2023-08-19 07:48:47,181.31,Target,Books,Legitimate
142,2023-06-17 18:46:17,306.16,Walmart,Clothing,Legitimate
143,2023-01-22 08:38:03,888.66,Walmart,Electronics,Legitimate
144,2023-10-07 12:04:31,968.46,Walmart,Electronics,Legitimate
145,2023-08-07 17:39:55,963.37,Amazon,Electronics,Legitimate
146,2023-06-01 15:50:06,868.98,Walmart,Groceries,Legitimate
147,2023-10-21 10:33:50,383.15,BestBuy,Groceries,Legitimate
148,2023-11-09 21:35:57,352.5,Walmart,Books,Legitimate
149,2023-01-04 03:57:35,567.25,BestBuy,Books,Fraudulent
150,2023-03-27 19:52:08,429.17,Target,Groceries,Legitimate
151,2023-06-08 17:32:41,372.69,BestBuy,Groceries,Legitimate
152,2023-10-02 23:24:08,85.43,Target,Clothing,Legitimate
153,2023-12-13 18:45:27,46.98,Walmart,Electronics,Legitimate
154,2023-10-15 14:09:05,757.1,BestBuy,Books,Legitimate
155,2023-12-06 12:45:53,911.65,Amazon,Groceries,Legitimate
156,2023-07-31 00:17:55,91.36,Target,Clothing,Legitimate
157,2023-07-31 14:37:38,775.58,BestBuy,Electronics,Legitimate
158,2023-11-06 05:19:42,918.11,Target,Books,Legitimate
159,2023-04-14 23:20:07,568.5,BestBuy,Electronics,Legitimate
160,2023-05-14 16:08:13,193.62,Walmart,Clothing,Legitimate
161,2023-01-25 04:34:56,746.2,Target,Groceries,Legitimate
162,2023-12-20 23:32:38,710.64,Target,Books,Legitimate
163,2023-05-27 05:45:50,595.39,Walmart,Groceries,Legitimate
164,2023-01-14 04:27:35,102.01,Target,Books,Legitimate
165,2023-09-04 23:38:25,429.69,Target,Books,Legitimate
166,2023-08-03 00:10:45,273.51,Walmart,Clothing,Legitimate
167,2023-02-15 12:22:13,892.82,BestBuy,Clothing,Legitimate
168,2023-03-10 10:09:46,559.47,Walmart,Electronics,Legitimate
169,2023-10-08 05:49:50,110.93,Target,Books,Legitimate
170,2023-10-15 09:27:38,513.32,BestBuy,Groceries,Legitimate
171,2023-10-30 03:23:21,49.03,Target,Books,Legitimate
172,2023-07-22 03:57:57,606.38,Walmart,Books,Legitimate
173,2023-06-14 00:22:45,760.11,Amazon,Electronics,Legitimate
174,2023-02-10 12:28:36,502.33,Amazon,Books,Fraudulent
175,2023-01-07 14:18:19,805.49,Target,Books,Legitimate
176,2023-07-30 12:45:29,257.51,BestBuy,Clothing,Legitimate
177,2023-02-20 02:16:19,614.72,Walmart,Books,Legitimate
178,2023-04-22 18:10:49,459.59,Amazon,Books,Legitimate
179,2023-10-15 08:41:59,398.45,Amazon,Clothing,Legitimate
180,2023-01-15 13:05:52,804.48,BestBuy,Clothing,Legitimate
181,2023-11-11 13:55:16,372.48,Target,Electronics,Legitimate
182,2023-02-09 17:14:51,448.29,Target,Clothing,Legitimate
183,2023-11-14 05:47:40,90.86,BestBuy,Books,Legitimate
184,2023-05-19 12:12:05,357.99,Amazon,Clothing,Legitimate
185,2023-01-24 14:07:30,240.94,Target,Groceries,Legitimate
186,2023-11-19 11:05:55,834.31,Walmart,Electronics,Legitimate
187,2023-07-15 18:33:18,440.61,BestBuy,Clothing,Legitimate
188,2023-06-03 04:42:42,430.62,Amazon,Clothing,Fraudulent
189,2023-05-01 05:18:21,713.58,Walmart,Books,Legitimate
190,2023-10-15 00:41:04,731.26,Amazon,Books,Legitimate
191,2023-03-01 11:10:06,695.2,Walmart,Clothing,Legitimate
192,2023-11-16 05:09:33,904.04,BestBuy,Groceries,Legitimate
193,2023-06-25 13:58:53,634.58,Target,Groceries,Legitimate
194,2023-03-29 19:35:33,140.58,Target,Clothing,Legitimate
195,2023-09-07 16:43:09,142.76,BestBuy,Groceries,Fraudulent
196,2023-09-15 03:13:49,964.83,BestBuy,Clothing,Legitimate
197,2023-11-01 09:03:03,381.47,Target,Clothing,Legitimate
198,2023-04-30 13:05:34,229.98,Amazon,Groceries,Legitimate
199,2023-07-10 00:02:55,331.75,BestBuy,Groceries,Legitimate
200,2023-09-06 23:15:40,105.68,Walmart,Books,Legitimate
201,2023-09-13 22:08:54,557.91,Target,Books,Legitimate
202,2023-03-23 16:28:06,388.73,Amazon,Books,Legitimate
203,2023-04-29 16:57:25,152.7,BestBuy,Groceries,Legitimate
204,2023-04-30 16:19:40,159.64,Target,Groceries,Legitimate
205,2023-06-22 16:06:25,442.14,Walmart,Electronics,Legitimate
206,2023-10-20 06:32:41,117.49,Target,Electronics,Legitimate
207,2023-12-26 07:15:08,635.33,Target,Groceries,Legitimate
208,2023-04-16 12:02:02,609.04,Amazon,Electronics,Legitimate
209,2023-08-08 05:26:38,947.66,Amazon,Groceries,Legitimate
210,2023-01-16 14:35:48,653.37,Walmart,Books,Legitimate
211,2023-09-16 02:54:33,526.45,Target,Clothing,Legitimate
212,2023-02-09 03:32:26,119.15,Walmart,Groceries,Legitimate
213,2023-01-14 19:38:40,603.83,BestBuy,Clothing,Legitimate
214,2023-09-17 02:17:31,818.9,Walmart,Groceries,Legitimate
215,2023-07-05 13:56:00,830.31,Amazon,Books,Legitimate
216,2023-08-08 21:18:45,188.36,Walmart,Clothing,Legitimate
217,2023-03-29 11:33:22,231.56,Walmart,Books,Legitimate
218,2023-08-12 13:55:44,456.85,Amazon,Groceries,Legitimate
219,2023-03-01 22:23:06,404.91,BestBuy,Groceries,Legitimate
220,2023-11-18 08:45:39,467.49,Amazon,Electronics,Legitimate
221,2023-05-13 01:59:16,492.79,BestBuy,Groceries,Legitimate
222,2023-12-30 03:13:34,83.45,Walmart,Books,Legitimate
223,2023-04-13 05:35:14,600.35,BestBuy,Clothing,Legitimate
224,2023-08-27 14:09:36,685.18,Amazon,Clothing,Legitimate
225,2023-09-24 08:23:58,700.08,BestBuy,Clothing,Legitimate
226,2023-08-06 15:31:31,770.1,BestBuy,Clothing,Legitimate
227,2023-10-17 12:29:58,275.49,Target,Groceries,Legitimate
228,2023-08-14 07:58:19,519.96,BestBuy,Books,Legitimate
229,2023-04-21 22:34:27,275.35,Amazon,Groceries,Legitimate
230,2023-02-10 11:17:27,527.31,Walmart,Electronics,Legitimate
231,2023-11-08 00:01:45,634.91,Amazon,Books,Legitimate
232,2023-01-20 06:12:39,741.53,Walmart,Clothing,Legitimate
233,2023-08-03 18:00:00,812.08,Amazon,Clothing,Legitimate
234,2023-08-27 06:20:30,274.66,Amazon,Electronics,Legitimate
235,2023-06-21 23:13:17,785.75,Walmart,Clothing,Legitimate
236,2023-04-07 20:02:04,158.27,Amazon,Books,Legitimate
237,2023-07-23 23:55:26,825.55,Walmart,Groceries,Legitimate
238,2023-08-15 11:04:17,787.78,Amazon,Books,Legitimate
239,2023-05-12 04:35:21,494.14,BestBuy,Groceries,Legitimate
240,2023-03-05 01:54:04,324.29,Walmart,Books,Legitimate
241,2023-04-14 21:06:34,927.34,BestBuy,Books,Legitimate
242,2023-08-02 15:26:30,770.05,Amazon,Books,Legitimate
243,2023-05-04 20:34:11,175.04,Walmart,Groceries,Legitimate
244,2023-11-23 19:20:57,832.43,Target,Clothing,Legitimate
245,2023-08-29 16:43:07,835.13,BestBuy,Books,Legitimate
246,2023-04-14 11:48:46,552.68,Amazon,Groceries,Legitimate
247,2023-10-05 09:16:22,758.6,Target,Clothing,Legitimate
248,2023-07-28 22:15:21,928.71,Target,Clothing,Legitimate
249,2023-04-15 00:17:45,436.21,BestBuy,Clothing,Legitimate
250,2023-05-10 23:40:56,519.1,BestBuy,Clothing,Legitimate
251,2023-04-20 05:03:16,270.9,Walmart,Clothing,Legitimate
252,2023-01-12 13:02:51,421.67,Amazon,Electronics,Legitimate
253,2023-11-13 05:10:02,984.55,Amazon,Clothing,Legitimate
254,2023-08-08 08:44:15,207.97,Amazon,Groceries,Legitimate
255,2023-09-08 15:14:18,688.18,Target,Groceries,Legitimate
256,2023-09-19 08:26:17,946.2,Amazon,Electronics,Legitimate
257,2023-03-28 02:06:03,224.3,Walmart,Electronics,Legitimate
258,2023-12-16 11:20:39,482.93,Target,Books,Legitimate
259,2023-05-17 02:55:15,63.96,Target,Electronics,Legitimate
260,2023-06-17 04:07:10,774.45,Target,Electronics,Legitimate
261,2023-11-25 23:16:22,195.88,Target,Electronics,Legitimate
262,2023-09-30 23:04:35,722.82,BestBuy,Groceries,Legitimate
263,2023-12-25 18:00:37,290.76,Amazon,Groceries,Legitimate
264,2023-05-05 17:27:51,580.32,Walmart,Clothing,Legitimate
265,2023-04-18 08:49:07,80.81,Target,Books,Legitimate
266,2023-04-16 02:54:12,847.86,Amazon,Groceries,Legitimate
267,2023-07-14 17:00:11,802.84,Amazon,Books,Legitimate
268,2023-12-05 16:51:23,831.62,Target,Books,Legitimate
269,2023-03-02 00:41:58,118.27,Amazon,Groceries,Legitimate
270,2023-07-19 07:37:06,346.78,Target,Books,Fraudulent
271,2023-04-02 11:10:47,927.12,Target,Groceries,Legitimate
272,2023-09-21 00:39:40,977.37,Target,Groceries,Legitimate
273,2023-01-12 19:43:01,17.37,BestBuy,Groceries,Legitimate
274,2023-05-10 03:09:08,457.93,BestBuy,Electronics,Legitimate
275,2023-01-09 02:58:12,575.35,Target,Books,Legitimate
276,2023-09-28 03:55:52,139.95,Target,Electronics,Legitimate
277,2023-03-31 11:35:33,817.23,BestBuy,Clothing,Fraudulent
278,2023-07-02 03:09:40,246.77,Walmart,Clothing,Legitimate
279,2023-01-09 21:14:11,964.31,BestBuy,Clothing,Legitimate
280,2023-01-01 07:12:02,56.07,Target,Electronics,Legitimate
281,2023-05-29 01:23:54,906.87,Amazon,Books,Fraudulent
282,2023-05-08 02:50:20,482.19,Amazon,Electronics,Legitimate
283,2023-03-19 01:11:46,671.81,Amazon,Clothing,Legitimate
284,2023-03-01 19:25:06,264.32,Amazon,Books,Legitimate
285,2023-03-07 14:14:03,241.4,Walmart,Books,Legitimate
286,2023-03-23 13:54:43,543.96,BestBuy,Groceries,Legitimate
287,2023-11-20 04:30:20,624.46,Target,Groceries,Legitimate
288,2023-11-01 17:46:56,327.33,Target,Electronics,Legitimate
289,2023-03-13 00:23:36,543.12,BestBuy,Clothing,Legitimate
290,2023-04-28 10:50:07,916.04,Target,Books,Legitimate
291,2023-01-31 15:44:54,124.76,BestBuy,Clothing,Legitimate
292,2023-07-23 14:33:58,827.26,Target,Books,Legitimate
293,2023-09-03 14:38:34,166.01,BestBuy,Electronics,Legitimate
294,2023-06-30 12:12:15,399.33,Amazon,Electronics,Legitimate
295,2023-01-29 13:40:52,712.73,Target,Clothing,Legitimate
296,2023-02-11 12:23:50,124.57,BestBuy,Groceries,Legitimate
297,2023-02-03 23:02:02,970.09,BestBuy,Groceries,Legitimate
298,2023-11-27 16:01:53,440.22,Amazon,Clothing,Legitimate
299,2023-10-06 11:37:33,60.53,Target,Electronics,Legitimate
300,2023-12-23 09:31:44,505.06,Target,Groceries,Legitimate
301,2023-04-18 22:23:48,405.43,Walmart,Clothing,Legitimate
302,2023-03-17 08:45:26,218.39,Target,Groceries,Legitimate
303,2023-05-06 06:05:03,703.22,Amazon,Electronics,Legitimate
304,2023-07-11 14:08:18,394.64,BestBuy,Groceries,Legitimate
305,2023-10-11 18:58:50,42.96,Target,Groceries,Legitimate
306,2023-01-08 20:05:44,840.48,Walmart,Groceries,Legitimate
307,2023-07-13 16:32:19,649.12,BestBuy,Groceries,Legitimate
308,2023-05-14 20:42:49,146.15,Walmart,Electronics,Legitimate
309,2023-03-24 23:00:07,893.3,Amazon,Groceries,Legitimate
310,2023-09-28 07:31:04,737.12,Target,Electronics,Fraudulent
311,2023-07-29 20:15:16,756.51,Walmart,Groceries,Legitimate
312,2023-08-25 13:07:35,41.03,Amazon,Electronics,Legitimate
313,2023-03-22 11:52:47,195.78,Walmart,Clothing,Legitimate
314,2023-06-25 15:39:05,141.14,BestBuy,Books,Legitimate
315,2023-05-15 00:41:49,626.87,Walmart,Electronics,Fraudulent
316,2023-09-22 01:35:56,563.64,Amazon,Electronics,Legitimate
317,2023-05-16 03:16:20,794.91,Amazon,Books,Legitimate
318,2023-10-29 03:48:58,269.79,Amazon,Clothing,Legitimate
319,2023-05-31 20:34:59,564.05,Amazon,Groceries,Legitimate
320,2023-12-20 03:23:02,107.36,Amazon,Electronics,Legitimate
321,2023-06-02 19:15:41,432.47,Walmart,Groceries,Legitimate
322,2023-08-18 14:12:02,501.75,Target,Clothing,Legitimate
323,2023-07-20 22:48:53,696.46,Target,Clothing,Legitimate
324,2023-12-07 05:43:34,720.65,Amazon,Clothing,Legitimate
325,2023-06-14 18:20:52,361.1,Walmart,Books,Legitimate
326,2023-11-13 02:14:53,404.95,Walmart,Books,Legitimate
327,2023-07-28 05:10:03,786.58,Walmart,Groceries,Legitimate
328,2023-09-20 20:26:50,858.53,Walmart,Groceries,Legitimate
329,2023-08-30 05:20:25,779.98,Walmart,Electronics,Legitimate
330,2023-11-09 06:31:22,317.97,Walmart,Electronics,Legitimate
331,2023-06-15 09:46:18,393.61,BestBuy,Clothing,Legitimate
332,2023-07-24 01:13:25,228.66,BestBuy,Electronics,Legitimate
333,2023-06-29 05:03:56,708.7,Target,Books,Legitimate
334,2023-06-02 09:54:41,22.26,Walmart,Electronics,Legitimate
335,2023-05-19 03:58:38,711.57,Target,Books,Legitimate
336,2023-12-24 12:59:12,245.83,Target,Groceries,Legitimate
337,2023-04-23 23:27:33,226.26,BestBuy,Groceries,Legitimate
338,2023-12-04 02:38:49,44.44,Amazon,Clothing,Legitimate
339,2023-08-17 13:05:30,740.28,Walmart,Clothing,Legitimate
340,2023-03-29 07:48:02,861.46,Walmart,Electronics,Legitimate
341,2023-03-26 15:26:03,263.3,Walmart,Groceries,Legitimate
342,2023-09-13 06:22:37,199.83,Walmart,Groceries,Legitimate
343,2023-01-04 06:19:37,906.25,Target,Clothing,Legitimate
344,2023-01-07 01:48:54,460.66,Walmart,Clothing,Legitimate
345,2023-05-16 02:01:16,583.36,BestBuy,Books,Legitimate
346,2023-08-07 00:09:00,709.3,BestBuy,Electronics,Legitimate
347,2023-02-27 23:44:28,827.73,Walmart,Books,Legitimate
348,2023-10-21 06:39:45,712.8,Walmart,Clothing,Legitimate
349,2023-07-03 06:53:55,287.01,Amazon,Groceries,Legitimate
350,2023-05-27 17:51:31,59.03,Target,Books,Legitimate
351,2023-03-14 21:05:36,60.95,Walmart,Clothing,Legitimate
352,2023-01-06 14:08:28,83.16,Target,Groceries,Legitimate
353,2023-04-23 14:12:52,245.47,BestBuy,Books,Fraudulent
354,2023-08-01 00:24:15,103.3,Amazon,Groceries,Legitimate
355,2023-12-29 05:47:56,366.34,Target,Books,Legitimate
356,2023-08-18 22:31:40,710.8,Amazon,Electronics,Legitimate
357,2023-06-07 16:13:55,20.62,Walmart,Books,Legitimate
358,2023-01-08 14:30:47,77.36,Amazon,Groceries,Legitimate
359,2023-12-10 22:11:32,297.18,Amazon,Books,Legitimate
360,2023-03-25 04:32:58,256.22,Amazon,Electronics,Fraudulent
361,2023-06-16 14:52:22,411.31,Amazon,Clothing,Legitimate
362,2023-01-10 02:55:12,555.3,Amazon,Books,Legitimate
363,2023-02-25 01:01:09,741.84,Target,Groceries,Legitimate
364,2023-05-10 15:31:46,914.39,Amazon,Books,Legitimate
365,2023-03-23 13:15:20,550.07,BestBuy,Books,Legitimate
366,2023-10-06 05:20:58,639.13,BestBuy,Electronics,Legitimate
367,2023-01-04 13:28:28,126.87,BestBuy,Groceries,Legitimate
368,2023-10-05 11:56:50,464.88,Walmart,Books,Legitimate
369,2023-04-09 09:27:22,494.29,Amazon,Electronics,Legitimate
370,2023-05-30 16:56:52,316.95,Target,Books,Legitimate
371,2023-09-27 07:31:33,123.43,BestBuy,Books,Legitimate
372,2023-05-20 22:46:57,495.6,Walmart,Groceries,Legitimate
373,2023-09-07 18:18:05,439.27,Amazon,Books,Legitimate
374,2023-07-15 12:13:53,491.49,Walmart,Groceries,Legitimate
375,2023-05-10 03:40:57,152.11,Walmart,Clothing,Legitimate
376,2023-05-08 23:37:06,980.88,Amazon,Electronics,Legitimate
377,2023-02-14 13:59:57,90.08,Walmart,Books,Legitimate
378,2023-07-15 10:56:48,560.51,Amazon,Groceries,Legitimate
379,2023-01-06 01:37:01,550.42,BestBuy,Clothing,Legitimate
380,2023-03-23 13:55:42,898.01,Target,Electronics,Legitimate
381,2023-09-03 21:01:27,529.82,Walmart,Clothing,Legitimate
382,2023-05-18 04:20:55,346.88,Walmart,Electronics,Legitimate
383,2023-08-12 10:00:04,375.09,Target,Books,Legitimate
384,2023-02-19 15:25:03,363.06,Target,Groceries,Legitimate
385,2023-06-15 04:23:01,707.6,Amazon,Groceries,Legitimate
386,2023-10-06 18:47:07,598.29,Walmart,Clothing,Legitimate
387,2023-11-28 12:44:58,332.12,Amazon,Electronics,Legitimate
388,2023-05-13 10:13:30,76.6,Amazon,Clothing,Legitimate
389,2023-05-03 08:49:38,606.69,Amazon,Books,Legitimate
390,2023-03-06 05:16:35,468.27,Walmart,Electronics,Legitimate
391,2023-08-23 01:19:14,314.93,Walmart,Books,Legitimate
392,2023-03-17 03:53:44,848.37,Target,Electronics,Legitimate
393,2023-08-07 14:21:10,15.68,Target,Clothing,Legitimate
394,2023-01-28 15:47:14,469.16,Amazon,Groceries,Legitimate
395,2023-11-05 10:08:08,78.25,Target,Groceries,Legitimate
396,2023-11-07 17:30:05,509.66,BestBuy,Electronics,Legitimate
397,2023-06-22 10:02:25,812.81,Target,Electronics,Legitimate
398,2023-01-14 09:08:39,975.2,Target,Electronics,Legitimate
399,2023-08-07 06:50:29,756.22,BestBuy,Books,Legitimate
400,2023-01-26 07:42:26,87.17,BestBuy,Electronics,Legitimate
401,2023-05-09 23:04:57,752.48,BestBuy,Groceries,Legitimate
402,2023-12-12 07:14:37,665.45,BestBuy,Groceries,Legitimate
403,2023-07-17 10:26:13,94.76,Target,Clothing,Legitimate
404,2023-01-15 15:31:17,475.34,BestBuy,Clothing,Legitimate
405,2023-12-17 22:34:01,807.86,Target,Books,Legitimate
406,2023-04-08 06:42:32,91.56,BestBuy,Books,Legitimate
407,2023-06-06 05:30:29,799.0,Amazon,Electronics,Legitimate
408,2023-03-05 20:04:39,993.65,Target,Books,Legitimate
409,2023-09-05 15:01:17,320.22,Amazon,Electronics,Legitimate
410,2023-10-29 11:58:03,207.9,Target,Books,Fraudulent
411,2023-09-26 21:25:53,392.52,BestBuy,Electronics,Legitimate
412,2023-11-12 16:33:56,534.55,Walmart,Clothing,Legitimate
413,2023-01-03 11:19:25,589.34,BestBuy,Electronics,Fraudulent
414,2023-10-27 04:27:14,784.55,BestBuy,Groceries,Legitimate
415,2023-04-25 05:48:36,815.13,Target,Clothing,Legitimate
416,2023-04-18 17:24:42,838.5,Amazon,Books,Legitimate
417,2023-08-12 18:34:50,397.94,Target,Electronics,Legitimate
418,2023-04-05 11:28:55,213.31,Target,Clothing,Legitimate
419,2023-07-13 07:42:32,964.44,Walmart,Clothing,Legitimate
420,2023-04-29 09:06:28,738.01,BestBuy,Groceries,Legitimate
421,2023-01-07 00:34:14,566.6,BestBuy,Electronics,Legitimate
422,2023-05-27 09:33:43,537.64,Amazon,Books,Legitimate
423,2023-08-11 10:24:24,371.14,Walmart,Books,Legitimate
424,2023-12-15 18:24:33,619.85,Walmart,Clothing,Legitimate
425,2023-06-04 01:22:16,961.12,Walmart,Clothing,Legitimate
426,2023-04-15 00:24:05,82.46,Amazon,Books,Legitimate
427,2023-11-23 04:32:00,625.85,Target,Books,Legitimate
428,2023-11-03 12:09:06,596.75,Walmart,Electronics,Legitimate
429,2023-10-29 03:07:45,832.23,Amazon,Groceries,Legitimate
430,2023-12-06 08:42:52,434.57,Amazon,Clothing,Legitimate
431,2023-06-21 06:43:14,20.5,Amazon,Groceries,Legitimate
432,2023-11-17 12:26:18,40.99,Amazon,Clothing,Legitimate
433,2023-10-11 09:17:41,103.95,BestBuy,Electronics,Legitimate
434,2023-11-12 09:07:28,46.35,Walmart,Electronics,Legitimate
435,2023-08-17 03:39:15,536.24,Walmart,Groceries,Legitimate
436,2023-10-11 21:01:46,456.4,Walmart,Books,Legitimate
437,2023-01-25 22:26:15,413.14,BestBuy,Groceries,Legitimate
438,2023-09-03 05:09:51,64.46,Walmart,Clothing,Legitimate
439,2023-01-06 06:16:16,356.49,Amazon,Electronics,Legitimate
440,2023-04-25 08:58:43,241.99,Target,Groceries,Legitimate
441,2023-06-16 15:47:33,581.15,BestBuy,Clothing,Legitimate
442,2023-01-04 10:34:13,491.18,BestBuy,Clothing,Legitimate
443,2023-05-12 03:44:36,623.73,Target,Clothing,Legitimate
444,2023-09-26 13:01:26,644.0,Amazon,Electronics,Legitimate
445,2023-06-08 02:38:43,37.71,Amazon,Electronics,Legitimate
446,2023-12-05 06:36:53,462.66,Walmart,Groceries,Legitimate
447,2023-03-04 20:46:27,37.02,Target,Books,Legitimate
448,2023-11-19 08:43:43,946.42,Amazon,Electronics,Legitimate
449,2023-03-27 09:35:37,276.49,Target,Groceries,Fraudulent
450,2023-03-22 18:42:39,138.69,BestBuy,Groceries,Legitimate
451,2023-03-02 12:22:12,436.87,Walmart,Clothing,Legitimate
452,2023-05-17 22:30:03,990.57,Target,Books,Legitimate
453,2023-09-24 22:42:28,167.35,Amazon,Electronics,Legitimate
454,2023-10-28 12:48:39,127.53,Amazon,Groceries,Legitimate
455,2023-11-27 02:38:50,82.16,Amazon,Books,Legitimate
456,2023-10-26 16:05:56,635.99,Walmart,Groceries,Legitimate
457,2023-12-04 08:38:28,169.7,Amazon,Books,Legitimate
458,2023-05-31 18:47:23,783.93,Walmart,Books,Legitimate
459,2023-07-29 06:20:39,366.07,Target,Electronics,Legitimate
460,2023-05-05 19:14:16,171.53,Walmart,Clothing,Legitimate
461,2023-12-27 22:47:11,866.73,Amazon,Books,Legitimate
462,2023-10-01 13:19:27,985.29,Walmart,Groceries,Legitimate
463,2023-02-20 15:04:43,761.31,Target,Clothing,Legitimate
464,2023-12-04 08:26:11,661.24,Walmart,Clothing,Legitimate
465,2023-06-30 23:09:36,944.39,BestBuy,Books,Legitimate
466,2023-07-30 07:01:25,945.06,BestBuy,Groceries,Legitimate
467,2023-06-19 09:16:57,273.78,Amazon,Groceries,Legitimate
468,2023-05-01 11:55:37,816.43,BestBuy,Clothing,Legitimate
469,2023-04-22 14:01:00,689.69,Amazon,Books,Legitimate
470,2023-12-18 00:21:35,693.01,Target,Electronics,Legitimate
471,2023-09-07 23:41:34,84.76,BestBuy,Books,Legitimate
472,2023-07-21 04:30:31,544.27,Amazon,Clothing,Legitimate
473,2023-08-16 03:31:05,413.8,Target,Books,Legitimate
474,2023-03-11 18:16:12,918.84,Walmart,Electronics,Legitimate
475,2023-06-06 09:15:23,916.99,Amazon,Electronics,Legitimate
476,2023-12-29 02:43:56,938.63,Amazon,Clothing,Legitimate
477,2023-07-27 11:01:46,851.36,Target,Clothing,Legitimate
478,2023-03-12 07:34:11,835.45,Amazon,Electronics,Legitimate
479,2023-04-04 16:50:02,179.56,BestBuy,Clothing,Legitimate
480,2023-02-18 23:56:13,154.98,Amazon,Books,Legitimate
481,2023-04-15 08:32:12,998.22,Amazon,Groceries,Legitimate
482,2023-06-11 01:17:30,222.3,Target,Electronics,Legitimate
483,2023-08-02 08:54:19,734.47,Amazon,Books,Legitimate
484,2023-05-31 23:08:27,268.54,BestBuy,Clothing,Legitimate
485,2023-02-19 01:09:56,241.33,Walmart,Books,Legitimate
486,2023-10-09 05:24:01,916.93,Walmart,Electronics,Legitimate
487,2023-07-14 16:21:11,111.01,BestBuy,Groceries,Legitimate
488,2023-08-04 06:26:44,273.75,Walmart,Clothing,Legitimate
489,2023-01-17 16:23:32,989.47,Amazon,Electronics,Legitimate
490,2023-02-26 05:53:52,694.45,Walmart,Clothing,Legitimate
491,2023-05-13 04:48:36,624.28,Amazon,Books,Legitimate
492,2023-04-16 11:45:45,845.07,Target,Books,Legitimate
493,2023-10-23 07:13:34,671.71,Amazon,Books,Legitimate
494,2023-03-20 22:34:24,744.12,Amazon,Electronics,Legitimate
495,2023-06-08 05:37:43,678.25,Walmart,Clothing,Legitimate
496,2023-05-29 06:06:39,177.14,Walmart,Books,Legitimate
497,2023-05-12 15:37:09,803.3,BestBuy,Books,Legitimate
498,2023-04-09 11:59:01,183.12,Target,Clothing,Legitimate
499,2023-06-05 00:19:01,641.32,Amazon,Books,Legitimate
500,2023-06-17 23:35:33,844.12,Target,Books,Legitimate
501,2023-03-07 22:39:37,928.19,Walmart,Clothing,Legitimate
502,2023-11-15 21:42:14,394.27,Walmart,Groceries,Legitimate
503,2023-12-06 05:27:18,22.3,Walmart,Electronics,Legitimate
504,2023-03-23 03:56:43,607.43,Target,Books,Legitimate
505,2023-05-09 20:07:33,41.95,BestBuy,Electronics,Legitimate
506,2023-01-10 05:48:55,156.06,Target,Electronics,Legitimate
507,2023-03-12 19:55:05,53.76,Target,Books,Legitimate
508,2023-04-29 03:26:05,168.23,Amazon,Books,Legitimate
509,2023-12-23 07:18:28,610.14,Amazon,Groceries,Legitimate
510,2023-05-03 18:42:47,130.54,Amazon,Clothing,Legitimate
511,2023-06-21 04:55:17,617.88,Target,Books,Legitimate
512,2023-09-15 00:45:25,717.6,BestBuy,Groceries,Legitimate
513,2023-06-03 17:09:46,14.08,Amazon,Groceries,Legitimate
514,2023-07-02 23:11:23,328.69,Target,Groceries,Legitimate
515,2023-05-06 10:24:58,237.31,Amazon,Electronics,Legitimate
516,2023-12-18 22:03:41,738.15,BestBuy,Groceries,Legitimate
517,2023-01-29 02:10:52,819.05,Walmart,Books,Legitimate
518,2023-04-29 02:38:35,971.81,Walmart,Books,Legitimate
519,2023-05-20 15:45:43,182.94,Target,Books,Legitimate
520,2023-08-21 06:37:20,157.59,BestBuy,Groceries,Legitimate
521,2023-04-28 13:02:37,474.17,Amazon,Electronics,Legitimate
522,2023-07-15 17:44:43,831.95,Walmart,Electronics,Legitimate
523,2023-08-07 14:35:14,461.32,Target,Groceries,Legitimate
524,2023-08-02 08:10:16,682.43,Target,Books,Legitimate
525,2023-10-03 00:59:04,279.69,Target,Books,Legitimate
526,2023-01-02 00:47:00,194.47,Walmart,Electronics,Legitimate
527,2023-08-28 17:13:45,338.13,Amazon,Books,Fraudulent
528,2023-09-16 11:30:51,28.33,Walmart,Clothing,Legitimate
529,2023-02-20 03:37:39,53.53,Amazon,Books,Legitimate
530,2023-09-25 22:02:21,366.72,Walmart,Clothing,Legitimate
531,2023-02-08 14:05:14,124.27,Walmart,Electronics,Legitimate
532,2023-05-31 05:26:02,400.91,Walmart,Groceries,Legitimate
533,2023-05-18 14:02:00,921.82,Target,Electronics,Legitimate
534,2023-08-25 20:01:07,497.12,Target,Clothing,Legitimate
535,2023-02-13 02:30:37,76.28,BestBuy,Electronics,Legitimate
536,2023-10-06 04:43:10,664.21,BestBuy,Groceries,Legitimate
537,2023-10-27 20:28:26,439.86,Walmart,Clothing,Legitimate
538,2023-02-10 16:35:10,906.64,Amazon,Groceries,Legitimate
539,2023-05-24 21:43:54,957.43,Walmart,Clothing,Legitimate
540,2023-04-26 06:01:57,453.36,Walmart,Books,Legitimate
541,2023-08-23 13:43:39,487.36,Target,Groceries,Legitimate
542,2023-03-09 00:12:03,433.63,Walmart,Groceries,Legitimate
543,2023-11-10 20:11:18,500.66,Walmart,Books,Legitimate
544,2023-04-11 02:32:39,131.55,Walmart,Groceries,Legitimate
545,2023-11-07 08:08:42,860.15,Walmart,Books,Legitimate
546,2023-04-17 18:30:11,94.34,Amazon,Books,Legitimate
547,2023-02-24 11:00:44,868.68,Target,Groceries,Legitimate
548,2023-09-19 12:12:24,869.35,Target,Books,Legitimate
549,2023-05-16 22:14:09,315.5,Amazon,Clothing,Legitimate
550,2023-11-21 10:06:08,883.01,Target,Groceries,Legitimate
551,2023-06-20 20:16:03,814.2,Amazon,Clothing,Legitimate
552,2023-06-29 23:36:00,963.87,Target,Books,Legitimate
553,2023-09-05 08:55:12,539.03,Amazon,Clothing,Fraudulent
554,2023-08-26 02:17:54,197.93,Walmart,Groceries,Legitimate
555,2023-08-23 08:02:52,490.98,Target,Books,Legitimate
556,2023-05-13 22:58:25,272.89,Walmart,Electronics,Legitimate
557,2023-03-16 11:38:02,204.84,Amazon,Books,Legitimate
558,2023-08-21 00:37:30,203.24,Target,Books,Legitimate
559,2023-11-19 04:16:46,51.65,BestBuy,Groceries,Legitimate
560,2023-04-22 05:40:20,897.21,BestBuy,Electronics,Legitimate
561,2023-01-04 03:23:27,290.98,Target,Clothing,Legitimate
562,2023-05-27 00:47:48,279.05,Amazon,Books,Legitimate
563,2023-05-22 03:10:55,299.32,BestBuy,Electronics,Legitimate
564,2023-06-03 10:26:55,776.65,BestBuy,Clothing,Legitimate
565,2023-01-28 11:14:32,390.54,Target,Clothing,Legitimate
566,2023-03-29 04:40:38,875.72,Walmart,Books,Legitimate
567,2023-10-25 14:22:09,536.7,BestBuy,Groceries,Legitimate
568,2023-10-01 10:57:23,107.86,BestBuy,Books,Legitimate
569,2023-05-13 02:52:48,712.25,Target,Books,Legitimate
570,2023-07-25 03:51:03,775.71,BestBuy,Books,Legitimate
571,2023-06-27 20:37:16,559.89,Walmart,Clothing,Legitimate
572,2023-02-28 09:11:17,599.71,Walmart,Clothing,Legitimate
573,2023-09-11 10:44:04,820.08,Amazon,Clothing,Legitimate
574,2023-09-16 11:26:37,738.42,Target,Books,Legitimate
575,2023-11-14 20:12:34,51.22,Amazon,Groceries,Legitimate
576,2023-05-16 08:30:50,163.72,Walmart,Electronics,Legitimate
577,2023-10-12 12:44:55,810.77,Amazon,Clothing,Legitimate
578,2023-11-09 06:51:02,102.67,BestBuy,Groceries,Legitimate
579,2023-01-09 21:00:29,582.72,Amazon,Books,Legitimate
580,2023-05-24 03:03:20,413.54,Amazon,Groceries,Fraudulent
581,2023-01-10 03:30:22,616.54,Walmart,Electronics,Legitimate
582,2023-10-17 22:03:04,446.21,Walmart,Books,Legitimate
583,2023-07-02 01:45:54,88.77,Walmart,Books,Legitimate
584,2023-05-20 02:24:08,999.85,Amazon,Electronics,Legitimate
585,2023-02-18 17:25:44,204.25,Walmart,Books,Legitimate
586,2023-12-12 20:08:46,796.38,Target,Electronics,Legitimate
587,2023-10-11 10:19:26,850.53,Walmart,Electronics,Legitimate
588,2023-04-23 08:12:30,28.14,Walmart,Groceries,Legitimate
589,2023-10-17 05:36:15,107.23,Walmart,Clothing,Legitimate
590,2023-11-17 11:35:38,662.75,BestBuy,Clothing,Legitimate
591,2023-06-14 09:19:52,784.84,Target,Clothing,Legitimate
592,2023-11-18 22:33:19,22.7,BestBuy,Groceries,Legitimate
593,2023-11-26 22:54:52,296.95,BestBuy,Clothing,Legitimate
594,2023-11-28 12:22:38,437.96,BestBuy,Groceries,Legitimate
595,2023-05-13 08:07:46,652.35,Walmart,Books,Legitimate
596,2023-08-07 12:41:40,534.08,BestBuy,Electronics,Legitimate
597,2023-05-13 14:10:17,571.22,Target,Clothing,Legitimate
598,2023-07-07 21:38:09,822.81,Amazon,Books,Legitimate
599,2023-06-08 13:34:13,105.78,Target,Electronics,Legitimate
600,2023-11-28 17:03:33,120.03,Target,Electronics,Legitimate
601,2023-08-24 07:16:32,419.5,Walmart,Books,Legitimate
602,2023-02-17 17:29:10,764.05,Walmart,Clothing,Legitimate
603,2023-04-18 13:49:53,716.72,Target,Clothing,Legitimate
604,2023-10-25 02:23:46,402.14,Walmart,Books,Legitimate
605,2023-12-15 00:08:40,529.76,BestBuy,Books,Legitimate
606,2023-04-27 11:59:40,663.21,BestBuy,Books,Legitimate
607,2023-06-04 08:37:53,597.54,Amazon,Books,Legitimate
608,2023-02-06 22:28:34,221.51,Target,Books,Legitimate
609,2023-11-14 10:51:11,262.55,Amazon,Electronics,Legitimate
610,2023-08-25 04:24:18,701.13,Target,Groceries,Legitimate
611,2023-02-12 13:00:38,58.12,Target,Clothing,Legitimate
612,2023-07-01 12:00:11,882.56,Walmart,Electronics,Legitimate
613,2023-01-11 03:10:00,259.85,Walmart,Groceries,Legitimate
614,2023-03-20 09:23:53,854.78,Walmart,Electronics,Legitimate
615,2023-03-26 05:15:59,168.65,Target,Clothing,Legitimate
616,2023-06-20 02:16:38,404.16,Amazon,Groceries,Legitimate
617,2023-07-25 22:44:26,625.31,BestBuy,Groceries,Legitimate
618,2023-11-01 17:11:03,361.51,Walmart,Groceries,Legitimate
619,2023-06-21 21:28:06,226.93,Target,Electronics,Legitimate
620,2023-11-24 12:18:13,239.1,Target,Books,Legitimate
621,2023-02-08 11:25:57,67.77,BestBuy,Electronics,Legitimate
622,2023-01-24 22:18:20,405.32,Amazon,Books,Legitimate
623,2023-05-28 21:32:20,434.29,Target,Clothing,Legitimate
624,2023-04-15 21:56:57,24.7,Target,Groceries,Legitimate
625,2023-06-01 23:44:16,908.36,BestBuy,Clothing,Legitimate
626,2023-12-03 17:12:08,11.87,BestBuy,Clothing,Legitimate
627,2023-06-26 12:45:27,100.9,Amazon,Clothing,Legitimate
628,2023-07-11 03:36:47,83.28,Walmart,Electronics,Legitimate
629,2023-08-15 18:48:58,341.7,Amazon,Clothing,Legitimate
630,2023-07-27 06:01:39,637.95,Amazon,Books,Legitimate
631,2023-11-18 20:55:00,476.88,BestBuy,Books,Legitimate
632,2023-05-01 11:28:28,439.03,Amazon,Groceries,Legitimate
633,2023-07-24 02:05:41,730.45,Walmart,Groceries,Legitimate
634,2023-10-30 19:54:12,944.94,BestBuy,Clothing,Legitimate
635,2023-02-22 16:33:28,671.52,Amazon,Clothing,Legitimate
636,2023-09-16 07:01:23,741.58,Amazon,Electronics,Legitimate
637,2023-09-20 20:47:20,649.77,Amazon,Electronics,Legitimate
638,2023-11-16 20:54:35,746.87,Walmart,Electronics,Legitimate
639,2023-10-15 05:17:40,751.4,Target,Clothing,Legitimate
640,2023-06-18 08:28:07,208.02,BestBuy,Books,Legitimate
641,2023-09-18 21:11:08,816.92,Amazon,Electronics,Legitimate
642,2023-06-12 14:15:41,90.04,Amazon,Electronics,Legitimate
643,2023-05-10 14:40:51,72.2,BestBuy,Books,Legitimate
644,2023-06-29 17:43:44,437.44,Target,Groceries,Legitimate
645,2023-07-05 20:56:26,227.73,Target,Books,Legitimate
646,2023-10-27 13:39:52,405.93,Walmart,Groceries,Legitimate
647,2023-04-09 02:50:53,242.06,Walmart,Groceries,Legitimate
648,2023-02-27 18:52:39,352.31,BestBuy,Groceries,Legitimate
649,2023-05-20 21:24:55,11.23,BestBuy,Groceries,Legitimate
650,2023-09-28 23:06:22,229.74,BestBuy,Electronics,Fraudulent
651,2023-12-10 22:20:10,973.59,BestBuy,Clothing,Fraudulent
652,2023-06-16 16:08:03,721.04,Walmart,Groceries,Legitimate
653,2023-08-31 21:26:10,107.01,Amazon,Books,Legitimate
654,2023-08-21 11:55:11,559.02,Target,Books,Legitimate
655,2023-03-04 08:47:39,275.18,Walmart,Groceries,Legitimate
656,2023-12-04 22:01:37,142.45,Target,Books,Legitimate
657,2023-02-13 02:13:36,320.81,Walmart,Groceries,Legitimate
658,2023-10-13 11:50:08,378.82,Walmart,Books,Legitimate
659,2023-08-03 13:20:04,390.89,Amazon,Electronics,Legitimate
660,2023-12-03 02:50:14,269.5,Target,Groceries,Legitimate
661,2023-06-16 13:05:12,255.95,BestBuy,Electronics,Legitimate
662,2023-04-30 07:58:45,422.29,BestBuy,Clothing,Legitimate
663,2023-12-20 09:46:45,279.22,Walmart,Groceries,Legitimate
664,2023-09-30 08:32:23,381.66,Target,Books,Legitimate
665,2023-05-01 10:29:56,993.05,Walmart,Groceries,Legitimate
666,2023-01-27 23:15:19,69.63,Target,Clothing,Legitimate
667,2023-05-24 00:05:59,365.28,Target,Groceries,Legitimate
668,2023-08-24 22:32:39,484.74,BestBuy,Groceries,Legitimate
669,2023-05-06 11:07:36,115.02,Target,Electronics,Legitimate
670,2023-06-07 12:58:36,574.38,Target,Books,Legitimate
671,2023-05-05 16:14:45,572.34,Walmart,Clothing,Legitimate
672,2023-05-10 06:59:02,588.24,Amazon,Clothing,Legitimate
673,2023-09-06 08:45:46,501.4,BestBuy,Electronics,Legitimate
674,2023-03-01 11:55:17,800.78,BestBuy,Groceries,Legitimate
675,2023-03-15 02:19:35,801.98,Amazon,Clothing,Legitimate
676,2023-09-10 15:54:21,275.79,Amazon,Groceries,Legitimate
677,2023-05-24 03:45:40,166.01,Walmart,Groceries,Legitimate
678,2023-06-17 23:23:16,946.3,Target,Groceries,Legitimate
679,2023-03-29 16:13:16,932.42,Walmart,Groceries,Legitimate
680,2023-04-03 18:54:56,902.23,BestBuy,Groceries,Legitimate
681,2023-06-15 02:00:47,824.16,BestBuy,Groceries,Legitimate
682,2023-04-13 03:41:33,207.8,Walmart,Groceries,Legitimate
683,2023-01-27 06:18:06,566.82,BestBuy,Groceries,Legitimate
684,2023-02-09 10:30:45,535.6,Target,Books,Legitimate
685,2023-08-10 07:16:49,883.39,Amazon,Groceries,Legitimate
686,2023-11-19 08:04:19,168.52,Amazon,Clothing,Legitimate
687,2023-02-26 03:41:26,770.45,Target,Groceries,Legitimate
688,2023-09-24 08:15:58,844.07,BestBuy,Electronics,Legitimate
689,2023-10-09 09:41:36,102.56,BestBuy,Books,Fraudulent
690,2023-03-08 04:59:37,298.29,Walmart,Electronics,Legitimate
691,2023-05-02 10:44:06,689.62,BestBuy,Electronics,Legitimate
692,2023-08-17 00:06:16,547.58,BestBuy,Books,Legitimate
693,2023-11-26 13:54:10,684.89,Target,Books,Legitimate
694,2023-09-28 04:28:40,605.62,Walmart,Electronics,Legitimate
695,2023-11-10 20:56:32,35.66,Walmart,Clothing,Legitimate
696,2023-01-25 02:40:36,443.41,Amazon,Electronics,Legitimate
697,2023-12-25 06:22:46,830.72,Amazon,Books,Fraudulent
698,2023-11-25 04:52:51,899.86,Walmart,Groceries,Legitimate
699,2023-08-13 22:50:30,282.25,Walmart,Groceries,Legitimate
700,2023-07-28 21:15:58,41.08,Amazon,Books,Legitimate
701,2023-06-12 12:59:28,950.18,BestBuy,Clothing,Legitimate
702,2023-05-27 19:27:33,258.86,BestBuy,Electronics,Legitimate
703,2023-02-02 15:04:20,673.05,Amazon,Clothing,Fraudulent
704,2023-09-19 03:56:58,781.8,Target,Groceries,Legitimate
705,2023-10-04 19:34:14,878.99,Walmart,Books,Legitimate
706,2023-06-30 01:52:26,128.03,Target,Groceries,Legitimate
707,2023-01-26 23:52:31,283.54,Walmart,Clothing,Legitimate
708,2023-04-17 12:27:03,556.35,BestBuy,Electronics,Legitimate
709,2023-12-24 20:57:32,64.95,Walmart,Electronics,Legitimate
710,2023-02-08 22:10:30,954.55,Amazon,Electronics,Legitimate
711,2023-04-01 09:20:40,946.29,Walmart,Clothing,Fraudulent
712,2023-07-07 18:06:38,92.93,BestBuy,Clothing,Legitimate
713,2023-11-26 21:39:08,460.34,Amazon,Electronics,Legitimate
714,2023-08-24 10:07:58,456.09,Walmart,Clothing,Fraudulent
715,2023-12-20 00:16:47,56.12,Target,Electronics,Legitimate
716,2023-09-11 21:23:27,178.15,Walmart,Books,Legitimate
717,2023-05-02 08:28:06,175.64,BestBuy,Groceries,Legitimate
718,2023-09-07 23:13:16,581.57,Walmart,Books,Legitimate
719,2023-09-07 05:29:42,537.22,BestBuy,Clothing,Legitimate
720,2023-09-11 16:26:05,381.47,Walmart,Clothing,Legitimate
721,2023-01-09 08:08:02,353.06,Amazon,Books,Legitimate
722,2023-09-22 06:37:52,546.78,BestBuy,Clothing,Legitimate
723,2023-09-02 19:45:29,10.21,Amazon,Clothing,Legitimate
724,2023-07-14 23:37:03,682.07,Target,Clothing,Legitimate
725,2023-08-09 18:21:26,176.89,Amazon,Groceries,Legitimate
726,2023-11-16 01:23:04,426.83,BestBuy,Clothing,Legitimate
727,2023-08-09 13:41:53,269.34,Target,Clothing,Legitimate
728,2023-09-07 11:10:01,214.17,Amazon,Clothing,Legitimate
729,2023-04-10 07:28:39,23.36,BestBuy,Groceries,Legitimate
730,2023-07-02 08:58:25,110.03,BestBuy,Electronics,Legitimate
731,2023-11-26 23:28:01,78.0,Walmart,Groceries,Legitimate
732,2023-07-26 16:07:41,898.32,BestBuy,Groceries,Legitimate
733,2023-08-26 03:45:41,694.29,Target,Books,Legitimate
734,2023-05-26 06:58:50,92.35,BestBuy,Clothing,Fraudulent
735,2023-08-27 08:40:03,312.71,Target,Groceries,Legitimate
736,2023-01-07 07:07:23,19.65,Walmart,Groceries,Legitimate
737,2023-05-12 05:21:40,290.07,Target,Groceries,Legitimate
738,2023-08-17 01:31:46,382.29,BestBuy,Groceries,Legitimate
739,2023-10-07 02:11:18,201.42,Amazon,Books,Legitimate
740,2023-09-10 17:06:35,536.87,Amazon,Clothing,Legitimate
741,2023-06-16 03:57:36,95.73,Target,Electronics,Legitimate
742,2023-06-26 03:05:12,209.8,Walmart,Electronics,Legitimate
743,2023-06-13 22:06:03,651.62,Amazon,Electronics,Fraudulent
744,2023-06-09 01:44:24,330.18,BestBuy,Clothing,Fraudulent
745,2023-04-08 10:38:23,774.23,Target,Books,Legitimate
746,2023-07-24 22:17:05,714.28,Walmart,Books,Fraudulent
747,2023-08-28 04:30:23,958.32,Amazon,Books,Legitimate
748,2023-02-24 15:45:12,343.58,Walmart,Clothing,Legitimate
749,2023-09-15 04:42:26,305.09,Amazon,Electronics,Legitimate
750,2023-02-20 14:33:08,769.28,BestBuy,Electronics,Legitimate
751,2023-12-21 08:02:04,195.93,Walmart,Groceries,Legitimate
752,2023-03-25 09:24:22,421.11,BestBuy,Electronics,Legitimate
753,2023-07-16 11:45:49,83.53,Amazon,Electronics,Legitimate
754,2023-09-09 14:18:44,512.61,BestBuy,Electronics,Legitimate
755,2023-11-19 03:22:43,252.63,Walmart,Clothing,Legitimate
756,2023-12-19 12:49:55,891.54,BestBuy,Books,Legitimate
757,2023-07-21 13:25:52,982.09,BestBuy,Books,Legitimate
758,2023-04-10 02:20:53,928.86,BestBuy,Groceries,Legitimate
759,2023-08-29 21:46:16,869.9,Target,Clothing,Legitimate
760,2023-12-01 09:54:43,536.93,Target,Groceries,Legitimate
761,2023-04-22 08:28:13,904.74,Walmart,Clothing,Legitimate
762,2023-11-06 05:25:06,159.67,Amazon,Clothing,Fraudulent
763,2023-05-04 19:49:54,170.57,Amazon,Clothing,Legitimate
764,2023-05-06 02:58:31,653.97,Target,Books,Legitimate
765,2023-06-17 06:46:33,384.09,Target,Electronics,Legitimate
766,2023-12-09 20:43:41,602.45,Target,Clothing,Legitimate
767,2023-03-09 11:26:48,751.55,Amazon,Books,Legitimate
768,2023-12-16 21:58:47,508.13,Walmart,Clothing,Legitimate
769,2023-08-09 00:05:18,157.38,Target,Clothing,Legitimate
770,2023-04-10 23:13:31,632.16,BestBuy,Groceries,Legitimate
771,2023-02-23 04:23:52,812.04,Walmart,Groceries,Fraudulent
772,2023-07-21 03:15:55,397.41,Target,Books,Legitimate
773,2023-11-26 22:02:07,228.58,Amazon,Books,Legitimate
774,2023-09-13 06:40:28,666.57,Target,Clothing,Legitimate
775,2023-07-29 13:41:50,787.56,Target,Books,Legitimate
776,2023-12-20 14:56:47,932.78,Target,Clothing,Legitimate
777,2023-07-07 06:25:04,483.96,Target,Electronics,Legitimate
778,2023-09-27 12:19:13,123.28,BestBuy,Electronics,Legitimate
779,2023-11-29 06:59:44,98.02,Walmart,Electronics,Legitimate
780,2023-02-05 21:19:20,148.64,Target,Groceries,Legitimate
781,2023-01-19 15:44:46,141.07,Amazon,Books,Legitimate
782,2023-12-08 08:36:43,737.78,Walmart,Groceries,Legitimate
783,2023-12-15 07:17:36,142.46,Amazon,Books,Legitimate
784,2023-11-02 21:13:56,321.76,Amazon,Groceries,Legitimate
785,2023-12-28 19:49:17,838.16,Amazon,Books,Legitimate
786,2023-03-30 08:07:17,585.05,BestBuy,Books,Legitimate
787,2023-08-31 13:50:55,550.74,Target,Electronics,Legitimate
788,2023-09-04 05:14:40,223.9,BestBuy,Clothing,Legitimate
789,2023-05-08 17:27:28,306.53,Target,Clothing,Legitimate
790,2023-07-24 17:53:47,573.93,Amazon,Books,Legitimate
791,2023-07-01 07:08:33,828.31,BestBuy,Clothing,Legitimate
792,2023-03-20 16:53:12,920.08,Amazon,Electronics,Legitimate
793,2023-04-18 16:10:51,556.98,Amazon,Groceries,Legitimate
794,2023-02-19 13:42:24,197.59,Walmart,Clothing,Legitimate
795,2023-12-14 15:51:42,115.0,Amazon,Groceries,Legitimate
796,2023-02-24 23:43:21,455.18,BestBuy,Electronics,Legitimate
797,2023-09-19 16:01:47,275.77,Target,Clothing,Legitimate
798,2023-05-09 01:25:21,231.66,Target,Electronics,Legitimate
799,2023-03-30 03:12:56,986.24,Amazon,Electronics,Legitimate
800,2023-03-28 17:12:07,513.56,Target,Books,Legitimate
801,2023-05-22 23:57:34,210.4,BestBuy,Groceries,Legitimate
802,2023-05-06 01:58:21,814.99,BestBuy,Clothing,Legitimate
803,2023-10-03 20:38:55,314.33,Target,Electronics,Legitimate
804,2023-09-07 06:25:53,367.1,Target,Books,Legitimate
805,2023-11-13 17:36:17,458.72,Walmart,Electronics,Legitimate
806,2023-08-25 00:11:45,480.57,Amazon,Groceries,Legitimate
807,2023-09-29 06:18:06,834.86,Amazon,Books,Legitimate
808,2023-07-11 03:46:22,896.97,Walmart,Clothing,Legitimate
809,2023-05-21 14:00:46,599.08,Target,Electronics,Fraudulent
810,2023-12-23 20:17:12,289.25,BestBuy,Clothing,Legitimate
811,2023-06-28 17:35:05,488.71,Walmart,Books,Fraudulent
812,2023-11-25 19:09:47,49.94,Amazon,Groceries,Legitimate
813,2023-01-23 10:00:23,596.24,Walmart,Books,Legitimate
814,2023-11-22 01:38:58,590.38,Target,Clothing,Legitimate
815,2023-06-20 13:39:00,93.68,Amazon,Clothing,Legitimate
816,2023-02-13 15:21:02,502.02,Amazon,Groceries,Legitimate
817,2023-08-08 01:07:02,559.46,BestBuy,Groceries,Legitimate
818,2023-12-19 16:34:40,345.3,Amazon,Groceries,Legitimate
819,2023-09-12 22:07:04,354.88,BestBuy,Clothing,Legitimate
820,2023-08-21 05:28:01,107.84,Walmart,Books,Legitimate
821,2023-03-29 07:45:49,487.4,Walmart,Electronics,Legitimate
822,2023-10-27 13:12:14,223.47,Target,Books,Legitimate
823,2023-10-12 23:43:29,701.75,Walmart,Groceries,Legitimate
824,2023-12-03 07:33:16,772.32,Target,Groceries,Legitimate
825,2023-07-01 01:32:14,435.1,Target,Books,Legitimate
826,2023-01-31 04:57:46,213.62,Target,Clothing,Legitimate
827,2023-02-12 04:30:17,318.42,BestBuy,Groceries,Legitimate
828,2023-10-19 11:56:07,658.83,Amazon,Groceries,Legitimate
829,2023-10-05 04:51:58,646.49,Walmart,Books,Fraudulent
830,2023-09-30 05:50:41,28.43,Target,Books,Legitimate
831,2023-02-16 03:29:21,420.17,Walmart,Books,Legitimate
832,2023-02-02 06:25:08,319.74,Amazon,Clothing,Legitimate
833,2023-09-05 23:27:35,238.44,Target,Electronics,Legitimate
834,2023-09-13 07:32:02,578.64,Amazon,Books,Legitimate
835,2023-07-08 02:24:53,237.21,BestBuy,Electronics,Legitimate
836,2023-03-06 14:38:29,919.67,BestBuy,Groceries,Legitimate
837,2023-08-10 02:38:37,627.97,Walmart,Books,Legitimate
838,2023-01-22 17:07:47,983.35,Amazon,Electronics,Legitimate
839,2023-05-08 01:24:59,855.18,Target,Clothing,Legitimate
840,2023-05-30 03:14:26,519.61,Walmart,Clothing,Legitimate
841,2023-03-01 20:14:19,465.65,Amazon,Books,Legitimate
842,2023-02-07 02:28:06,123.9,Walmart,Books,Legitimate
843,2023-06-13 06:40:37,647.85,Target,Clothing,Legitimate
844,2023-01-01 02:19:52,366.79,BestBuy,Clothing,Legitimate
845,2023-11-07 19:40:33,486.75,Amazon,Clothing,Legitimate
846,2023-04-01 08:24:39,826.16,Amazon,Electronics,Legitimate
847,2023-11-22 15:20:00,130.52,Amazon,Clothing,Legitimate
848,2023-08-16 18:58:40,396.24,Amazon,Clothing,Legitimate
849,2023-11-01 01:20:15,288.31,BestBuy,Electronics,Legitimate
850,2023-05-12 17:37:19,61.03,Walmart,Electronics,Legitimate
851,2023-05-03 02:33:32,765.1,Target,Clothing,Legitimate
852,2023-07-04 07:41:31,186.49,Amazon,Clothing,Legitimate
853,2023-05-19 09:35:58,338.7,Amazon,Books,Legitimate
854,2023-06-04 04:00:06,950.64,Target,Clothing,Legitimate
855,2023-08-05 14:39:41,809.88,Target,Clothing,Legitimate
856,2023-04-21 12:18:58,741.78,Walmart,Clothing,Legitimate
857,2023-10-03 18:26:59,37.17,Amazon,Books,Legitimate
858,2023-01-24 20:19:24,601.08,BestBuy,Clothing,Legitimate
859,2023-01-06 12:22:51,151.14,Target,Groceries,Legitimate
860,2023-12-19 18:31:48,335.8,Amazon,Books,Legitimate
861,2023-02-22 12:59:15,809.51,BestBuy,Clothing,Legitimate
862,2023-10-26 11:16:18,764.69,Target,Clothing,Legitimate
863,2023-01-24 05:30:41,952.42,Amazon,Electronics,Legitimate
864,2023-11-18 09:22:30,312.23,Amazon,Groceries,Legitimate
865,2023-04-03 12:35:01,127.03,Amazon,Groceries,Legitimate
866,2023-04-14 22:55:19,669.05,Walmart,Clothing,Legitimate
867,2023-03-13 09:09:05,735.24,Amazon,Electronics,Legitimate
868,2023-10-24 23:21:27,769.53,Amazon,Clothing,Legitimate
869,2023-09-20 09:13:39,91.54,Target,Clothing,Legitimate
870,2023-05-23 01:54:45,279.23,Target,Books,Legitimate
871,2023-10-01 22:27:47,95.11,Target,Books,Legitimate
872,2023-11-11 12:06:27,381.33,Target,Clothing,Legitimate
873,2023-08-16 20:03:51,935.19,Amazon,Books,Legitimate
874,2023-01-21 04:59:39,662.66,Target,Groceries,Legitimate
875,2023-12-13 15:56:18,324.33,BestBuy,Clothing,Legitimate
876,2023-01-14 14:59:34,663.83,Walmart,Clothing,Legitimate
877,2023-05-02 19:47:56,32.07,Amazon,Groceries,Legitimate
878,2023-07-17 13:44:24,444.74,BestBuy,Books,Legitimate
879,2023-01-07 04:49:40,574.27,Amazon,Books,Legitimate
880,2023-06-23 15:32:24,121.37,Amazon,Books,Fraudulent
881,2023-01-08 05:43:53,27.3,Target,Electronics,Legitimate
882,2023-10-12 03:09:45,706.99,Walmart,Groceries,Legitimate
883,2023-09-08 07:13:05,166.31,Walmart,Electronics,Legitimate
884,2023-10-09 19:58:36,784.38,Target,Groceries,Legitimate
885,2023-10-04 15:07:42,872.04,BestBuy,Electronics,Legitimate
886,2023-03-26 17:39:32,625.06,Target,Groceries,Fraudulent
887,2023-12-01 03:50:25,379.89,Amazon,Electronics,Legitimate
888,2023-01-07 21:46:39,35.83,Amazon,Clothing,Legitimate
889,2023-09-21 04:39:28,941.74,Amazon,Books,Legitimate
890,2023-07-06 02:58:13,653.67,BestBuy,Books,Legitimate
891,2023-06-28 12:10:57,561.29,BestBuy,Groceries,Legitimate
892,2023-02-01 09:10:26,171.83,Target,Books,Legitimate
893,2023-05-10 17:54:59,784.58,BestBuy,Electronics,Legitimate
894,2023-08-23 16:02:05,526.04,Walmart,Electronics,Legitimate
895,2023-09-27 12:58:11,798.24,Walmart,Books,Legitimate
896,2023-02-14 00:21:39,34.07,Target,Groceries,Legitimate
897,2023-10-21 10:56:01,224.69,Walmart,Electronics,Legitimate
898,2023-05-19 21:37:06,297.6,Amazon,Clothing,Legitimate
899,2023-05-18 02:10:18,15.75,Walmart,Books,Legitimate
900,2023-01-16 09:07:21,168.89,Walmart,Clothing,Legitimate
901,2023-02-08 12:04:46,359.56,Amazon,Clothing,Legitimate
902,2023-07-09 17:43:16,174.64,BestBuy,Books,Legitimate
903,2023-01-25 19:35:40,465.74,Walmart,Groceries,Fraudulent
904,2023-07-15 17:59:24,895.49,Walmart,Clothing,Legitimate
905,2023-08-23 08:29:17,153.7,BestBuy,Clothing,Legitimate
906,2023-06-15 02:43:27,325.24,Target,Books,Legitimate
907,2023-01-30 07:33:05,362.06,Amazon,Electronics,Legitimate
908,2023-01-08 04:27:37,720.42,Amazon,Books,Legitimate
909,2023-05-27 14:26:07,254.42,Amazon,Groceries,Legitimate
910,2023-01-08 00:20:25,976.27,Walmart,Clothing,Legitimate
911,2023-01-06 16:32:58,233.64,Amazon,Books,Fraudulent
912,2023-08-20 12:09:56,925.31,BestBuy,Clothing,Legitimate
913,2023-05-16 11:30:09,709.33,Walmart,Groceries,Legitimate
914,2023-03-01 04:35:47,850.41,Amazon,Clothing,Legitimate
915,2023-11-07 15:13:30,856.2,BestBuy,Books,Legitimate
916,2023-07-14 06:16:54,408.74,Walmart,Clothing,Legitimate
917,2023-09-25 00:15:42,307.6,Walmart,Groceries,Legitimate
918,2023-12-19 13:00:17,520.94,Amazon,Electronics,Fraudulent
919,2023-02-19 08:54:01,876.64,Walmart,Books,Fraudulent
920,2023-05-26 02:07:16,71.27,Walmart,Electronics,Legitimate
921,2023-06-04 01:48:17,436.29,BestBuy,Clothing,Legitimate
922,2023-04-29 22:02:23,159.9,Target,Groceries,Legitimate
923,2023-11-13 14:14:49,471.93,BestBuy,Electronics,Legitimate
924,2023-06-04 17:19:10,785.2,Walmart,Electronics,Legitimate
925,2023-06-05 08:29:16,128.7,BestBuy,Clothing,Legitimate
926,2023-09-16 02:36:38,855.54,Walmart,Clothing,Legitimate
927,2023-11-16 01:47:20,753.49,Target,Groceries,Legitimate
928,2023-12-20 00:42:15,901.75,Amazon,Groceries,Legitimate
929,2023-11-20 08:59:41,386.52,Amazon,Electronics,Legitimate
930,2023-03-10 05:44:47,197.39,Amazon,Groceries,Legitimate
931,2023-09-09 05:42:12,202.48,Amazon,Electronics,Legitimate
932,2023-07-01 05:48:07,578.03,Amazon,Electronics,Legitimate
933,2023-11-01 09:18:08,500.55,BestBuy,Clothing,Legitimate
934,2023-10-25 03:18:19,810.22,Amazon,Electronics,Legitimate
935,2023-12-22 22:53:53,614.93,Walmart,Electronics,Legitimate
936,2023-03-10 09:50:29,635.47,Target,Books,Legitimate
937,2023-09-14 00:43:49,623.4,Target,Books,Legitimate
938,2023-11-20 06:21:29,309.78,BestBuy,Electronics,Legitimate
939,2023-03-07 11:08:02,483.85,Target,Clothing,Legitimate
940,2023-06-08 06:44:49,10.41,BestBuy,Electronics,Legitimate
941,2023-05-07 12:38:51,620.22,Walmart,Books,Legitimate
942,2023-06-01 04:31:56,361.46,Amazon,Books,Legitimate
943,2023-12-20 03:40:47,703.68,BestBuy,Books,Legitimate
944,2023-01-29 05:26:42,689.35,Amazon,Books,Legitimate
945,2023-08-04 14:04:58,122.27,BestBuy,Groceries,Legitimate
946,2023-11-30 22:11:47,758.69,BestBuy,Books,Legitimate
947,2023-02-01 14:28:50,714.15,Amazon,Electronics,Legitimate
948,2023-04-12 05:48:50,882.72,BestBuy,Electronics,Legitimate
949,2023-03-11 03:23:43,949.48,Walmart,Groceries,Legitimate
950,2023-06-28 14:58:19,728.6,Target,Books,Legitimate
951,2023-01-02 15:47:59,318.07,BestBuy,Electronics,Legitimate
952,2023-08-13 17:09:12,925.12,Amazon,Electronics,Legitimate
953,2023-02-18 22:59:38,256.67,Amazon,Groceries,Legitimate
954,2023-10-20 03:53:48,967.27,Amazon,Clothing,Legitimate
955,2023-03-19 16:32:02,118.52,Walmart,Clothing,Legitimate
956,2023-01-02 02:06:20,328.63,Walmart,Groceries,Legitimate
957,2023-02-06 08:41:29,656.8,Walmart,Clothing,Legitimate
958,2023-07-22 13:30:15,514.26,Amazon,Books,Legitimate
959,2023-04-19 20:07:49,188.33,Target,Electronics,Legitimate
960,2023-02-03 09:17:04,220.49,Target,Clothing,Legitimate
961,2023-11-09 00:35:04,195.71,Amazon,Electronics,Legitimate
962,2023-08-27 03:22:42,911.05,Amazon,Books,Legitimate
963,2023-02-14 06:05:49,738.58,Amazon,Electronics,Fraudulent
964,2023-04-10 17:45:58,631.48,BestBuy,Groceries,Legitimate
965,2023-06-15 10:39:59,603.27,Amazon,Books,Legitimate
966,2023-09-02 03:45:02,255.5,Amazon,Clothing,Legitimate
967,2023-02-09 04:08:35,785.95,Amazon,Clothing,Legitimate
968,2023-05-16 02:21:10,698.03,Target,Clothing,Legitimate
969,2023-08-24 03:52:03,908.82,Target,Groceries,Legitimate
970,2023-03-19 15:01:50,99.48,Amazon,Books,Fraudulent
971,2023-05-04 22:07:17,54.59,Walmart,Electronics,Legitimate
972,2023-09-10 21:21:46,353.76,Walmart,Clothing,Legitimate
973,2023-01-11 15:25:18,270.54,Walmart,Books,Legitimate
974,2023-04-09 11:05:00,46.31,BestBuy,Clothing,Legitimate
975,2023-11-26 04:41:40,385.73,BestBuy,Electronics,Legitimate
976,2023-06-10 04:47:06,340.72,BestBuy,Books,Legitimate
977,2023-05-06 07:52:50,793.65,Amazon,Electronics,Legitimate
978,2023-11-06 15:41:34,353.31,Amazon,Books,Legitimate
979,2023-04-03 23:42:35,183.33,BestBuy,Books,Legitimate
980,2023-09-18 18:12:01,722.88,Target,Groceries,Legitimate
981,2023-05-26 07:53:58,854.52,Walmart,Electronics,Legitimate
982,2023-01-31 22:14:52,163.28,BestBuy,Clothing,Legitimate
983,2023-10-01 11:03:16,558.58,BestBuy,Clothing,Legitimate
984,2023-05-16 23:07:01,85.7,BestBuy,Books,Legitimate
985,2023-12-14 11:33:44,38.15,Amazon,Electronics,Legitimate
986,2023-09-09 21:14:44,594.42,BestBuy,Electronics,Legitimate
987,2023-12-03 06:14:59,312.46,Target,Clothing,Legitimate
988,2023-04-17 00:17:12,701.03,Walmart,Books,Legitimate
989,2023-04-07 17:50:04,558.62,Target,Electronics,Legitimate
990,2023-03-24 09:36:10,800.89,Walmart,Clothing,Legitimate
991,2023-01-10 21:10:45,597.81,Target,Electronics,Fraudulent
992,2023-02-28 10:53:12,656.0,Target,Books,Legitimate
993,2023-09-30 10:35:32,894.85,Walmart,Clothing,Legitimate
994,2023-09-13 11:31:55,702.18,Walmart,Electronics,Legitimate
995,2023-01-16 12:00:14,355.36,BestBuy,Electronics,Legitimate
996,2023-05-19 19:27:57,741.68,Amazon,Groceries,Legitimate
997,2023-09-19 06:14:52,876.64,Target,Groceries,Legitimate
998,2023-03-01 21:48:04,953.22,Walmart,Groceries,Legitimate
999,2023-03-18 00:44:42,148.13,Walmart,Clothing,Legitimate
1000,2023-10-26 10:01:20,839.83,Walmart,Groceries,Legitimate
